Vendor Address,Wallet Count
1ALRsFWtAoetAaht3yQ7pwhwmNSiunxMxR,1848
1PcxpBNh6UVifXxM5pfc6rXhpHijvhrnU1,32
1Fsbn1uxaKukYSrxxFsrj5B3fq797nB43w,26
1P16UXyGkyUZd79unzRVXgqaAynH8FQDfS,36
1Ex3DoM2MoYKJTgkQ5ez6xmKwAh92pK9C6,77
1GYoJ6pbtSDjnfyCMFjMdxmrEJnGNJSa9L,43
1P4iVKaFxdyVxXPnTyBHTJxEeqgfcPGAy,12
19k73e2Mfc7ghNxd9YvE9RfPrhmH9gB3uU,12
188ZvKwaRLvRWXUnY7wM2bjzkGDfioK7Jw,15
1GVmuYmyq3KxXtGQnsETd9EdNNG2Dg3gff,3
12jTHvL2ECvzWabZ18Ps2owYtNyAggFhyG,14
1DZUwwHbm961SCp6YLZnvDqbvZ2SyVRwn8,33
16mfNeXc1nj7JeCHVNys4rzvTP9vpjhEmX,7
1Hh66u2M25J66Lzfd3Vs3nSWZ1gsHkCWgJ,3
1H2uTFgoaVT71MamNhJH76NMzaSZ2R4TMk,9
1H9viGKLeXC3duwUHJRM6xaF4gRfk1NEZD,15
1Npma5599qfiyUoV584XJ2f1KMDnCyZMrv,4
19ywHfxrmwMbj4kvpg268dd8LumRzScLMQ,46
14H1NpgGqsVT1icDwxkLDaPrHw6kaxkqZT,4
17NgF1tLgAmiaA3Y7eYntd6x7NcSpxenFs,21
1KiwTvC136kw8rLbWLY9JP9Xk25H2DQPb1,12
1P1NTz9FDQx4s3ztRP4AFUrzvEHhRgmjQW,5
1LBMAxLUFRk3f4xV2k3gNixKMrqjREZ8te,13
1FCSnMMYzCLGefVeLUg2BrdFR8kwpMRR7V,39
1JLUpBMQ6KEa5XbSQYafpgfapkkUuTFXXa,7
18U55Zw6f63dHV37ut676GdwBUkCGeHQAq,4
1EvqiAGrjhEsT8XM4HLc2jSpXXGZqSV37p,7
1K4Gxw4FMZ1QVF8WWExNtDQd97tA2bLj6s,14
1GvRV8LJ2h9jSHtpczQo7ghRWVkQDTpB9W,21
17uQhp4CeUpmqT8fA585U6wad72n2cwotf,10
3E5wt1ziNeNFLYQSpVUj9BiRBeGwEgrUMX,4
1KXcP7dyETTo9vsg9vg99eazamAvJ8Jy4D,3
1PLhWEBkoMJk5idBSxhAfXqnf8jFy24g22,5
1JdPF4NAPym61qm9Lwj2gXyT7MXNJuipKo,9
13eYy1kvD3JWaKZ9p7C1zNf27wmFM5B4ap,3
1CNFdFoKg4r2jBwTB3eCYGbZGR1mSh3aRE,23
18Cf7Gv5KdwTWS7fyzN6gxrffkHtsbB4ae,17
1ZqBJLQvqpDQA75CiXxLptKctwYGn72y8,5
13uZ59XksP73oqxwV9oXqfMhgaG3auxrGd,8
1FQ5MgpsVdzf6uZmKS9LXtTERjcsEEGN3R,7
1PwVGPfacneLvrcJ17sWhQjr8fgZgMph8,3
3ELs7t9EAS7BqgUpty4i18DiBBEqefkgmR,12
3JpdKSoGmaedtmsmxgZa4yhhZ37sUgis3m,16
1EJUCa6oUzvZSaaXEGcUA1Cb2nq6UeVpzP,6
1CuryZUJhH1hCVDQXgHNPNJ5fRdSKc1ws8,24
1MbnoHHAj3oDVbDCTgyXq7eTDx7gjcE2ce,15
1MYhwYz3XGfDFSGH9weHNe57JuDusjMFnB,14
341sTSgWE2vA2m26GJ4eCWc6vY4QphUDgL,4
142CSpvrCAvQDUCG5byqerRxcayWhTrcbA,5
12Z5uSvC9pXCxZxyK5c49dS6eck5sCupnv,17
1N5Lx7xRqYCaLkFBxNKc6RTqr74o17PtMy,34
3M7mQWRWTU3yBHeju3yDEoD1oYTPnWePqA,5
14RiKoMAZq9HyeBYD9sCuLhpWGq2nhu1BB,8
19f6YgxxpBLBxLmWZ2h1pehaVtZnnCiyBX,8
1HLh4k8Qswv3i4RAmHpx1tiqARznbXqtV1,15
14zoMBdeTD2mCH4kcbT8gg9yanDbLUDzCX,20
16vYdqcPJbzFekToqEzHGEfmzP6qPVVdsb,8
1Ht93cqNacf4ugQ5MYeZ3XdAkqLNXgLDeY,13
1L9xoEEky8Qbz57VZbY73p5hJ5aqxsPdry,12
1KizHGN2u97LuN2jNV47u2gaS7uC2AdJ4N,5
1MYPBa6vNUcV3SD3vHJTQd6UTdWBRScbY7,17
1KqhXzWeu3f5HcSuJsPphdMzSbM5dEyKCP,6
1E5Ph733deY3vR3Y83Ko7L7Pct7Fke3fUo,5
1PGvYJSxBgxJRsChxRrd2iF5gxRfCpPqQn,17
1JCR1nJSmpBiRrb8oTkxhevp7MHb4y41jN,15
1MTF9pUU9ML5Bxuo2fAfxzAudLMyyzupvv,7
1LTGaKqmcFWtQdLvB5MmkUmiMBYzVa6N2L,3
1EjXJ5Rkjai8R5Zd9yJoxENuLUHJpQjYgq,3
1DmDsfSX3hBHzbK9nYD9eT1zn7kDV9Ku2Y,6
1NDU1aSEJBmmMNPiXxRCz67mpYK4TdvYx1,6
1GrjkXQbtyt7sqVAN6Kyi9cs6e5gN8sJfH,17
1AUa5XPaZHJVTrjpo8Y8EZQgaBy3zL19Ad,4
136itBZ9kXYpfctJg1jgCRAYnFisxT5pse,7
1FQs6oCPCeu59NP3B1pZRq5tSrA2d3Ffy7,5
1AkPos1HeRBo1QtNoWU9NRENySpkh8uVhg,4
1EaTeWUxNNNBsBYy7ycnoGPedN8RruTST2,14
12a53UMU9pYJ97x7SBJSpYEVW86gaC31xu,19
1vT4nmZ6r94SwgcDBLQmzmZdw8XkJi79d,6
17xxfsE4vZVN6ZZ3DLNUAn2iwQsS18Dwnp,10
17Ch1P6odbQHe5VstJQcvnGRyqLzMhz3N9,5
1JeFm2WCtEUsjcKM3dReQcDgoRKpU52Xqw,8
13Mk8XBqSQsXwQHsmap5PoJwCr18kCSuwu,8
15kTPNCfx9LcAaS4XG9W2gxqmXwSykiu76,4
1MW4z8sy69UAmxhCwTmm2dwoUoNBaMQubp,3
1Kuy7ktrfXsZhCFWo2DXCUVYDHH1MpqL8T,3
1KDwc63mDyWWRf8HjuhbeFjeQDcT6HaAGy,7
1rF46rNqZ6k28AhqKGQ4khw7jivLMYFuG,3
1PYqMp6s1EvPaSA7AVDdPNT77ieAFsPqYE,4
1HQDHCDkB7oPXzQDBaesy8hhBx4YnidofR,5
1FPvSPS4UJqocqBRNU5X1kVKECid8Gd9B1,3
1LKg8eZ2VKJDaqaVF3qt6KvFL8fwqyYkU9,3
19oj1gZCa1TApHwTQ5LL9cBpM5nw46tX2d,5
1BHHjNBUMS1pzMbLxnjr7qygk4VuuobkcY,7
32e7CrDRaiExkFgU5CVxpogCNEj4bKg4QR,9
19VwvRsSmv22qiBDMoisvTY17qgYjpzyAD,4
1KSYvfsZ4FJu5UMRqmjUDT7GKvw3w2NarC,8
15Cq4RaN78ZybWdWHHiBJqbdDH7crdZKBD,6
1PJzKXjUEo3DrGXGZUsUeJcvnanTaWApMa,4
17D6ZRvBAsQf2zTZPYQ745PLti89TYURhc,16
1QFtpfC7WmCa6w3D96RJUWXhrFrdpo3ZnS,5
14GgHX7T6M3w8F8zS8cawWj9Zrjm7ZqP5X,3
1Hio68HvLG6KDzyCya7HhMVr1xQAALtQcY,4
12kZjPdr1o1AxgSqjudPCjsHeKy5vCRHxe,7
1L5DHGxYCu2HC4QNt9nA88uf4JRYL53w39,6
1Bkn7aYEcjBB6hqwUh58SvXtBZY91BK5EQ,5
114NuRKtLYMv2DEQJvi48wRSvBA3U4CFj1,6
1PmkGE2MaHFgwib2v1byKw5UuDxc5wPkjs,3
17GqhF8CKTziw7doqVBBEwX6z5cGHitZ8B,3
1C6bicoaqTjWBLcuyVk8CDT97r4JNsADd7,3
1KWfkQmgkKDusPU1zTok3o8ozixdfqPesB,3
1NrHFw11yfwJmpsnxt5bFgVbCDEzqZBq3b,5
137a31ogdbw8bHkCTp69FM1r1x9AWF4xj8,3
17Zy9p5xnN7gfrxTCrnLGaLaB2cR9tNnqy,6
18tzsHSoupukjEXvXdN2LFN6Mw5mwFADUt,6
1Q19c76u9SEbiusGqYmeZ38ms5MXK6zKGL,4
126n12RgqQp6XjeGLqBoFc77eaaVGKEcma,5
12USpMQt9CBDayRgsmvjDcgxGNP1Wzbyx7,9
1D8VYVqYEPViUoidtTVJ3KVT6oxv6YFU9Q,5
1Ah7gM2HMxZWfvp8mvhNPHvq6icZ2oEHkq,3
3QtxbBQNFtfWQnyk4wBvD7yWJbdkmebwR6,6
14mbjNsz8f4BeApVkFK6fnAPYyU9YEg9h5,3
19K7oDhwKhxXuzQ8xakNf5Y7PytzhSUT64,5
1HA5cK2vLNFiZ1tHCJQuB98iUcnY3Hof4U,6
1JGAaTgYZjESmQYcTenbz3JQZkZgPhDdML,3
1K4iGzLdLFC6WCHGPaLPMYyS1D4A7Cr1Jw,5
17N3in1agUMQrRdf4KjHoaW3p3SWCZf5Yu,3
19LkhG5mYnpCeSWhXSweamiyt8dqFUgfDe,7
1Hyjqmjwyk1KnePVUt6Wi5AZuvbTDxe2zz,3
1H4BBEi5teQJCwFXL5z4wrCoxf1xugiqwd,3
17hZUNa7DoyYV5GBb1XyXkYgCCBcQbooK1,3
1PCdS73v4kqi2TcE6UApb79aGayMAp3Mkb,5
13SzT4uUGC4TyvtpcyGPbMBW99RFnxhp8o,18
1BASVPX638apAidguctjURes2PpdGH9rw,3
1H7BkH3wFhVtTgWYdQpneamphExAS3kG6x,3
1Ez3zy3Q4RedA1T4PySwEEAFY9BYXLj9Si,6
1D7QEJFDMbfcE2ZiBQ9nAbPhRT6oYX5QxP,4
1AhZSPhD4WYex2KAxG4tiAihxAbGiiy6k6,3
1P7xC11DjXZ2u1kyoka71TVsShBRdbauwG,3
1AoKXxCVpnqv8gYry3Ay6wN8KbJ28XpvpU,8
14V8seRCk9xWKfdHek4XRK8HvQBUYRJMi7,6
12iSRRy1LEx9hPcQHCBgsyaLhpTuQNqFXN,6
1GwVbPjACqD6DrijvkhgznqPPMzQBK323g,4
168XpyaoaYoTEMMDR8utwtjqQofaFkJvMD,5
1GAMGUZNJSbJt7HPGD4Bs2eWLuc4Y3HzS9,3
39mbh3suaCbbjFUyyU7NH2SVzdNf4BBFBf,4
1LgnPTqEcqPDoBUzMXtFj9DuG5EyPfCRCi,4
1Bx9FeDioW6TPtrRg2vNM4VSryDPzj3mC8,3
1LQtYNzVbhkYrB4Pc4M55nBJ3rUM6m9e53,7
1NT53F5uMctfAXJHTJ2B6H5VVDdr4Cf7Zg,5
3Q7fkbCEGRRCfwAMo45iZR38mK65YbD897,3
3GsrWcQ13Pc1oeJNmRCpdpvba7mQih1uYW,3
1Fi67mnXVtYg1P7FJ6QYPu8KHz72XfXfwy,5
3R24oD3nxYv3m3Cc6RoddCv8dpNcoiC5qk,3
39R8EWbRYAvdTkY7w2mg96pMrJZ5kNdC1C,3
1Axfp8abec37GJ3oGjXXAvjA67USN5wMx8,3
17Z4koRAuWPak7XCkxuzhwu1ifMR8PikhR,4
1GDcFjz2SJLR5HfYy579D7BfV8oqwrwHW6,3
38mDnZzPrUqX5Qi4btJs8CTeQpGoyMRoo5,3
1BskJqqwrJ9ERCRCqsZjG1yBgmcPT9K4MD,3
12NWLozAjuPPJ922j9E8yiABZhCfVD7D1k,3
1E7RAQXUwotjSa9UDMbpheKs6LdLbLDyBr,3
