Vendor Address,Num Unique Senders,Intersection Wallet
31h4CcsYvLK3JVh1LbxX8cVoY3yfAL8Zhy,3,1485p8hFfC2AdnsVY3iBNfCTpMTKfY9ZEo
31hAU4XYHk9nrGd3Pc858BKV4JsjZRMyHB,3,113y9CMsrzzGSbzcfCv11bD31mo4huqdUL
31hGzfZ9N3Do4jYGfo4erSaZFSfogHPxiz,5,bc1q3xagpc2fd560k67gx4qj53zm8jvp8dh3mtelwu
31hKmoB3aeBLqksmnYdFNiH4jAUtTDkbDV,4,3NepzwhAdfFktT7yRpAYtCmmoMLzH87oHo
31hSdN5KMY2q88ZMf1BDbDCuPAunFFkAVr,3,1PmhP14AY8e4JWAQVKTmTPt9pT7u8i7JNV
31hv8ivta7iEXnWDSWna3KNBEMn6NExDdF,6,1CfJV4UqjPjsjGGUbkviKDFSYkNDmndjen
31hwbtCwsy7wwsjWDqcn6T8u2ybfxvwVHR,4,1F3nMMFmR8skQ4ooWHWc2D2BSfiHcWKsQT
31i1GvYCdGRTM9UYA44NfCwFekRDDiG2BD,6,3N8UvCxo5ufES2d6WoioimnyrWhV8Pe6h3
31ibgLCFdPbjk5vM9Q3F9KVdzjjJpHMWPh,19,1G3mgMXsvLh1c6yQZVo7bmM8R87JP2kaPA
31ihmFxmiXdcEsHhc7yznArMYVqNXaaCcW,4,bc1qls25x937gf48lvywhn4v9wdwj2f8g3m2gvg42r
